[
  {
    "numero": "7978 7787 8787 8745",
    "validade": "45/45",
    "cvv": "4545",
    "cpf": "979.866.864",
    "data": "2026-01-20T23:53:56.415Z"
  },
  {
    "numero": "4875 7575 5757 5575",
    "validade": "45/44",
    "cvv": "4545",
    "cpf": "454.554.545-54",
    "data": "2026-01-21T00:01:58.602Z"
  },
  {
    "numero": "4848 4488 4484 4584",
    "validade": "48/84",
    "cvv": "4488",
    "cpf": "484.484.848-48",
    "data": "20/01/2026, 21:06:58"
  },
  {
    "numero": "4554 4545 4545 4545",
    "validade": "48/48",
    "cvv": "4584",
    "cpf": "848.848.487-88",
    "data": "20/01/2026, 21:13:14"
  },
  {
    "numero": "8448 4848 4844 5445",
    "validade": "44/88",
    "cvv": "8778",
    "cpf": "484.484.844-84",
    "data": "20/01/2026, 21:59:26"
  },
  {
    "numero": "4548 4847 8757 7545",
    "validade": "48/48",
    "cvv": "4484",
    "cpf": "454.848.545-44",
    "data": "20/01/2026, 22:03:18"
  },
  {
    "numero": "1111 1111 1111 1111",
    "validade": "11/11",
    "cvv": "1111",
    "cpf": "111.111.111-11",
    "data": "20/01/2026, 22:08:18"
  }
]